"","task","time_taken_secs","iteration","result","cdm_name","person_count","time_taken_mins"
"1","Count condition occurrence rows",0.0639999999984866,1,65332,"Synthea synthetic health database",2694,0
"2","Count individuals in condition occurrence table",0.107000000003609,1,2694,"Synthea synthetic health database",2694,0
"3","Count individuals in person but not in condition occurrence table",0.125,1,0,"Synthea synthetic health database",2694,0
"4","Compute person table to write schema",0.100000000005821,1,2694,"Synthea synthetic health database",2694,0
"5","Count individuals in person (in write schema) but not in condition occurrence table",0.220000000001164,1,0,"Synthea synthetic health database",2694,0
"6","Create IncidencePrevalence cohorts",9.5460000000021,1,10634,"Synthea synthetic health database",2694,0.2
"7","Create DrugUtilisation cohorts",3.77099999999336,1,13907,"Synthea synthetic health database",2694,0.1
"8","Count condition occurrence rows",0.0859999999956926,2,65332,"Synthea synthetic health database",2694,0
"9","Count individuals in condition occurrence table",0.209000000002561,2,2694,"Synthea synthetic health database",2694,0
"10","Count individuals in person but not in condition occurrence table",0.30000000000291,2,0,"Synthea synthetic health database",2694,0
"11","Compute person table to write schema",0.115000000005239,2,2694,"Synthea synthetic health database",2694,0
"12","Count individuals in person (in write schema) but not in condition occurrence table",0.267999999996391,2,0,"Synthea synthetic health database",2694,0
"13","Create IncidencePrevalence cohorts",9.84399999999732,2,10634,"Synthea synthetic health database",2694,0.2
"14","Create DrugUtilisation cohorts",3.89800000000105,2,13907,"Synthea synthetic health database",2694,0.1
"15","Count condition occurrence rows",0.088000000003376,3,65332,"Synthea synthetic health database",2694,0
"16","Count individuals in condition occurrence table",0.235000000000582,3,2694,"Synthea synthetic health database",2694,0
"17","Count individuals in person but not in condition occurrence table",0.334000000002561,3,0,"Synthea synthetic health database",2694,0
"18","Compute person table to write schema",0.131999999997788,3,2694,"Synthea synthetic health database",2694,0
"19","Count individuals in person (in write schema) but not in condition occurrence table",0.301999999996042,3,0,"Synthea synthetic health database",2694,0
"20","Create IncidencePrevalence cohorts",9.84299999999348,3,10634,"Synthea synthetic health database",2694,0.2
"21","Create DrugUtilisation cohorts",3.85400000000664,3,13907,"Synthea synthetic health database",2694,0.1
"22","Count condition occurrence rows",0.092000000004191,4,65332,"Synthea synthetic health database",2694,0
"23","Count individuals in condition occurrence table",0.236000000004424,4,2694,"Synthea synthetic health database",2694,0
"24","Count individuals in person but not in condition occurrence table",0.327999999994063,4,0,"Synthea synthetic health database",2694,0
"25","Compute person table to write schema",0.13399999999092,4,2694,"Synthea synthetic health database",2694,0
"26","Count individuals in person (in write schema) but not in condition occurrence table",0.270999999993364,4,0,"Synthea synthetic health database",2694,0
"27","Create IncidencePrevalence cohorts",9.62799999999697,4,10634,"Synthea synthetic health database",2694,0.2
"28","Create DrugUtilisation cohorts",3.84300000000803,4,13907,"Synthea synthetic health database",2694,0.1
"29","Count condition occurrence rows",0.0839999999880092,5,65332,"Synthea synthetic health database",2694,0
"30","Count individuals in condition occurrence table",0.220000000001164,5,2694,"Synthea synthetic health database",2694,0
"31","Count individuals in person but not in condition occurrence table",0.281000000002678,5,0,"Synthea synthetic health database",2694,0
"32","Compute person table to write schema",0.135000000009313,5,2694,"Synthea synthetic health database",2694,0
"33","Count individuals in person (in write schema) but not in condition occurrence table",0.273000000001048,5,0,"Synthea synthetic health database",2694,0
"34","Create IncidencePrevalence cohorts",9.85499999999593,5,10634,"Synthea synthetic health database",2694,0.2
"35","Create DrugUtilisation cohorts",3.84399999999732,5,13907,"Synthea synthetic health database",2694,0.1
